farm_id,region,crop_type,soil_moisture_%,soil_pH,temperature_C,rainfall_mm,humidity_%,sunlight_hours,irrigation_type,fertilizer_type,pesticide_usage_ml,sowing_date,harvest_date,total_days,yield_kg_per_hectare,sensor_id,timestamp,latitude,longitude,NDVI_index,crop_disease_status
FARM0117,South India,Soybean,35.35,6.62,24.59,267.37,56.65,9.74,Drip,Organic,47.17,2024-03-04,2024-07-19,137,5998.29,SENS0117,2024-07-04,32.861032,83.912526,0.72,Severe
FARM0250,North India,Soybean,26.46,5.88,31.83,254.31,81.41,4.73,Sprinkler,Inorganic,39.71,2024-02-08,2024-06-24,137,5978.14,SENS0250,2024-03-29,21.520866,85.419919,0.61,Mild
FARM0265,Central USA,Soybean,13.14,6.84,23.47,137.08,56.04,7.56,Drip,Inorganic,12.62,2024-02-20,2024-07-11,142,5960.64,SENS0265,2024-06-12,25.579554,78.809268,0.85,Mild
FARM0163,South USA,Cotton,40.9,6.46,16.75,145.75,60.96,7.86,Sprinkler,Mixed,49.73,2024-03-26,2024-06-25,91,5957.61,SENS0163,2024-06-25,18.977803,80.890356,0.59,Moderate
FARM0081,South India,Maize,25.02,6.73,19.81,154.14,73.22,4.51,Manual,Organic,47.9,2024-03-17,2024-08-04,140,5953.33,SENS0081,2024-03-22,19.761343,79.402702,0.68,Moderate
FARM0342,East Africa,Soybean,36.73,6.18,29.2,57.19,80.73,5.33,Sprinkler,Mixed,15.2,2024-01-07,2024-04-14,98,5924.44,SENS0342,2024-03-01,27.270453,85.680594,0.35,Severe
FARM0221,South USA,Maize,11.41,7.02,19.63,116.09,51.7,8.01,Manual,Inorganic,26.14,2024-02-02,2024-05-04,92,5922.36,SENS0221,2024-03-14,12.580625,89.368828,0.68,Moderate
FARM0370,North India,Soybean,12.06,6.17,19.7,277.06,89.84,9.64,Drip,Organic,16.41,2024-03-13,2024-06-30,109,5910.1,SENS0370,2024-06-06,19.27253,89.361156,0.64,Mild
FARM0196,South India,Wheat,24.56,6.68,31.05,219.6,49.06,6.28,Manual,Mixed,6.3,2024-03-27,2024-08-10,136,5893.78,SENS0196,2024-04-29,22.076991,79.762456,0.83,Severe
FARM0361,South India,Soybean,14.28,7.11,21.59,196.08,59.5,8.49,Sprinkler,Inorganic,14.81,2024-01-06,2024-04-18,103,5879.69,SENS0361,2024-03-02,20.209389,87.257999,0.33,Moderate
FARM0202,South India,Cotton,38.86,5.88,21.76,239.29,42.33,7.8,Drip,Inorganic,25.58,2024-03-17,2024-06-23,98,5855.42,SENS0202,2024-03-17,23.259109,70.971432,0.86,Severe
FARM0359,East Africa,Cotton,24.77,7.31,19.04,118.18,41.46,8.74,Manual,Mixed,29.78,2024-03-28,2024-06-28,92,5855.15,SENS0359,2024-05-29,29.555844,71.106545,0.84,Moderate
FARM0209,South India,Maize,30.89,7.05,27.51,260.78,55.06,8.74,Manual,Organic,40.28,2024-02-17,2024-05-31,104,5827.95,SENS0209,2024-04-23,11.704412,80.102807,0.55,Severe
FARM0092,North India,Wheat,11.59,6.78,26.54,212.78,78.35,6.5,Drip,Inorganic,45.0,2024-03-10,2024-07-19,131,5826.6,SENS0092,2024-07-11,16.121948,86.146986,0.54,Severe
FARM0471,East Africa,Maize,19.71,6.96,23.44,187.46,53.03,7.9,Sprinkler,Inorganic,25.52,2024-02-22,2024-06-18,117,5760.8,SENS0471,2024-03-11,23.397608,71.411161,0.74,Mild
FARM0016,Central USA,Maize,15.52,7.17,29.07,202.92,89.36,7.92,Drip,Mixed,41.77,2024-02-22,2024-05-28,96,5755.72,SENS0016,2024-03-10,16.611648,87.794254,0.75,Mild
FARM0462,Central USA,Soybean,26.74,7.16,24.9,226.04,58.84,9.89,Manual,Organic,42.25,2024-01-28,2024-06-12,136,5737.73,SENS0462,2024-03-25,27.510185,71.051326,0.82,Mild
FARM0244,South USA,Wheat,13.34,7.37,24.46,63.46,78.55,7.14,Drip,Organic,16.81,2024-01-03,2024-05-13,131,5726.36,SENS0244,2024-04-11,17.734266,74.94793,0.47,Mild
FARM0280,East Africa,Soybean,38.7,5.92,18.7,63.77,57.45,4.87,Drip,Mixed,31.01,2024-03-10,2024-06-29,111,5681.54,SENS0280,2024-03-16,12.722191,89.874704,0.4,Moderate
FARM0154,Central USA,Rice,18.93,5.71,26.48,230.69,51.42,7.05,Drip,Organic,16.0,2024-02-12,2024-06-05,114,5680.91,SENS0154,2024-03-05,33.279002,87.149704,0.63,Severe
FARM0449,South India,Maize,31.19,7.39,17.95,111.85,68.92,7.98,Sprinkler,Organic,10.25,2024-01-21,2024-06-04,135,5667.53,SENS0449,2024-05-01,27.651744,89.482912,0.35,Mild
FARM0287,Central USA,Wheat,19.5,5.67,32.54,142.9,81.47,5.82,Manual,Organic,10.05,2024-01-25,2024-05-06,102,5653.42,SENS0287,2024-03-21,22.649867,85.980506,0.84,Mild
FARM0207,North India,Cotton,23.56,7.41,34.52,128.16,67.61,4.08,Manual,Organic,32.93,2024-02-27,2024-06-10,104,5645.95,SENS0207,2024-05-27,27.738636,77.354822,0.65,Mild
FARM0270,East Africa,Maize,17.9,6.18,22.86,84.32,76.49,7.12,Sprinkler,Inorganic,15.82,2024-01-14,2024-05-02,109,5638.94,SENS0270,2024-02-25,21.22923,72.635443,0.69,Mild
FARM0040,North India,Rice,20.08,6.07,32.19,67.79,51.67,5.59,Sprinkler,Inorganic,10.16,2024-01-21,2024-04-29,99,5633.65,SENS0040,2024-02-08,11.785246,73.318456,0.48,Moderate
FARM0031,South USA,Maize,36.84,5.84,27.14,236.98,45.73,8.92,Manual,Organic,31.04,2024-02-19,2024-07-01,133,5632.1,SENS0031,2024-05-25,19.916361,84.300294,0.35,Mild
FARM0242,South USA,Wheat,23.34,6.07,27.63,86.21,48.38,8.85,Manual,Inorganic,33.41,2024-03-13,2024-08-04,144,5628.29,SENS0242,2024-04-02,14.049987,74.564359,0.49,Moderate
FARM0184,South India,Soybean,36.79,7.3,31.11,250.59,70.0,7.96,Sprinkler,Mixed,6.15,2024-02-10,2024-05-26,106,5627.65,SENS0184,2024-04-01,19.706873,70.70638,0.72,Mild
FARM0009,Central USA,Soybean,40.54,6.35,19.24,184.82,76.5,5.21,Manual,Inorganic,49.78,2024-03-12,2024-07-08,118,5598.46,SENS0009,2024-05-08,13.025105,74.493947,0.5,Mild
FARM0021,North India,Maize,16.25,7.43,20.31,77.1,61.73,8.37,Manual,Inorganic,32.28,2024-03-04,2024-06-26,114,5598.02,SENS0021,2024-03-28,16.368063,84.175706,0.3,Mild
FARM0251,South USA,Cotton,33.85,6.12,21.46,207.29,42.11,9.62,Drip,Inorganic,26.66,2024-02-07,2024-05-30,113,5550.08,SENS0251,2024-05-27,26.66737,89.465481,0.44,Severe
FARM0078,East Africa,Wheat,34.9,6.53,17.49,70.97,48.02,6.7,Sprinkler,Inorganic,9.13,2024-01-27,2024-05-24,118,5538.52,SENS0078,2024-01-30,20.372423,77.929079,0.52,Severe
FARM0089,Central USA,Soybean,17.85,7.47,30.84,109.18,64.7,6.17,Manual,Inorganic,41.16,2024-03-05,2024-07-12,129,5536.99,SENS0089,2024-03-21,17.732268,89.991901,0.73,Severe
FARM0104,South USA,Cotton,32.77,7.01,20.74,121.35,42.96,8.61,Sprinkler,Mixed,38.24,2024-01-06,2024-05-01,116,5528.98,SENS0104,2024-01-28,33.348065,70.726797,0.8,Severe
FARM0474,East Africa,Maize,29.3,6.71,32.93,92.69,87.33,6.34,Manual,Mixed,35.5,2024-03-18,2024-07-24,128,5528.08,SENS0474,2024-06-29,21.921547,72.551444,0.31,Mild
FARM0113,North India,Wheat,38.33,6.34,30.32,270.94,40.78,5.24,Drip,Mixed,6.51,2024-03-22,2024-08-04,135,5488.85,SENS0113,2024-05-23,28.513527,78.045307,0.44,Mild
FARM0371,Central USA,Rice,27.63,7.36,32.56,82.98,55.87,7.18,Sprinkler,Inorganic,10.26,2024-01-05,2024-05-05,121,5486.72,SENS0371,2024-04-20,17.025016,77.211844,0.56,Moderate
FARM0142,East Africa,Soybean,15.89,7.46,20.85,193.18,87.62,7.09,Drip,Organic,48.32,2024-02-02,2024-05-19,107,5468.19,SENS0142,2024-02-18,27.535663,72.653817,0.39,Moderate
FARM0183,North India,Soybean,44.98,7.43,31.79,190.36,69.69,5.7,Drip,Inorganic,7.87,2024-02-21,2024-06-10,110,5445.97,SENS0183,2024-03-25,26.40299,89.043756,0.69,Mild
FARM0048,North India,Soybean,41.87,5.53,17.88,267.73,88.5,4.45,Manual,Inorganic,33.05,2024-02-21,2024-05-26,95,5407.06,SENS0048,2024-05-17,31.483555,77.600188,0.49,Severe
FARM0231,South India,Maize,12.8,5.58,22.69,296.11,70.7,7.13,Drip,Organic,33.81,2024-02-01,2024-05-13,102,5402.27,SENS0231,2024-05-13,22.953832,73.89493,0.77,Mild
FARM0030,Central USA,Cotton,18.83,5.66,15.39,184.85,90.0,6.1,Drip,Mixed,6.81,2024-01-08,2024-04-19,102,5356.92,SENS0030,2024-03-27,13.809559,72.524419,0.7,Mild
FARM0151,North India,Soybean,28.82,5.81,16.67,69.76,86.05,9.85,Sprinkler,Mixed,19.7,2024-03-21,2024-08-06,138,5338.11,SENS0151,2024-04-06,17.754237,78.749721,0.87,Mild
FARM0257,South USA,Wheat,26.38,6.78,22.22,235.87,84.52,8.93,Drip,Mixed,16.96,2024-01-24,2024-04-27,94,5337.83,SENS0257,2024-02-02,33.615087,89.211735,0.36,Mild
FARM0178,Central USA,Maize,10.71,7.13,21.06,120.09,64.58,8.18,Drip,Organic,11.05,2024-03-15,2024-08-01,139,5303.29,SENS0178,2024-05-22,28.219985,82.099583,0.35,Severe
FARM0214,East Africa,Wheat,34.53,5.65,33.56,76.53,79.34,5.81,Drip,Inorganic,39.44,2024-02-13,2024-06-07,115,5288.49,SENS0214,2024-02-16,21.849692,80.669355,0.38,Severe
FARM0124,Central USA,Wheat,42.35,6.87,20.61,185.76,72.91,5.08,Manual,Organic,48.27,2024-03-05,2024-07-21,138,5282.76,SENS0124,2024-06-14,33.221874,75.985538,0.64,Severe
FARM0293,Central USA,Cotton,27.06,5.63,17.26,169.66,82.29,5.69,Manual,Mixed,30.86,2024-03-04,2024-06-27,115,5270.21,SENS0293,2024-06-13,12.674532,81.122997,0.34,Moderate
FARM0008,East Africa,Maize,27.1,5.72,22.26,296.33,80.34,5.44,Sprinkler,Mixed,47.61,2024-01-24,2024-05-24,121,5264.09,SENS0008,2024-04-30,23.317654,72.51521,0.7,Mild
FARM0228,Central USA,Soybean,40.69,6.32,18.78,227.29,79.47,7.47,Drip,Mixed,5.32,2024-03-07,2024-07-19,134,5217.15,SENS0228,2024-06-19,19.056745,73.095572,0.69,Moderate
